Average SCD Marks,Average PF Marks
15.714285714285714,41.42857142857143